url,cooking_time
https://www.menupan.com/Cook/RecipeView.asp?cookid=474,30
https://www.menupan.com/Cook/RecipeView.asp?cookid=513,60
https://www.menupan.com/Cook/RecipeView.asp?cookid=1784,60
https://www.menupan.com/Cook/RecipeView.asp?cookid=1569,30
https://www.menupan.com/Cook/RecipeView.asp?cookid=740,20
https://www.menupan.com/Cook/RecipeView.asp?cookid=603,60
https://www.menupan.com/Cook/RecipeView.asp?cookid=472,30
https://www.menupan.com/Cook/RecipeView.asp?cookid=2,60
https://www.menupan.com/Cook/RecipeView.asp?cookid=696,60
https://www.menupan.com/Cook/RecipeView.asp?cookid=937,30
https://www.menupan.com/Cook/RecipeView.asp?cookid=430,30
https://www.menupan.com/Cook/RecipeView.asp?cookid=635,60
https://www.menupan.com/Cook/RecipeView.asp?cookid=187,20
https://www.menupan.com/Cook/RecipeView.asp?cookid=475,30
https://www.menupan.com/Cook/RecipeView.asp?cookid=717,30
https://www.menupan.com/Cook/RecipeView.asp?cookid=768,20
https://www.menupan.com/Cook/RecipeView.asp?cookid=470,60
https://www.menupan.com/Cook/RecipeView.asp?cookid=654,60
https://www.menupan.com/Cook/RecipeView.asp?cookid=3,60
https://www.menupan.com/Cook/RecipeView.asp?cookid=837,30
https://www.menupan.com/Cook/RecipeView.asp?cookid=1678,30
https://www.menupan.com/Cook/RecipeView.asp?cookid=484,60
https://www.menupan.com/Cook/RecipeView.asp?cookid=458,60
https://www.menupan.com/Cook/RecipeView.asp?cookid=425,60
https://www.menupan.com/Cook/RecipeView.asp?cookid=855,60
https://www.menupan.com/Cook/RecipeView.asp?cookid=644,60
https://www.menupan.com/Cook/RecipeView.asp?cookid=868,60
https://www.menupan.com/Cook/RecipeView.asp?cookid=856,30
https://www.menupan.com/Cook/RecipeView.asp?cookid=1590,30
https://www.menupan.com/Cook/RecipeView.asp?cookid=13,30
https://www.menupan.com/Cook/RecipeView.asp?cookid=359,60
https://www.menupan.com/Cook/RecipeView.asp?cookid=14,25
https://www.menupan.com/Cook/RecipeView.asp?cookid=295,60
https://www.menupan.com/Cook/RecipeView.asp?cookid=155,120
https://www.menupan.com/Cook/RecipeView.asp?cookid=266,60
https://www.menupan.com/Cook/RecipeView.asp?cookid=41,60
https://www.menupan.com/Cook/RecipeView.asp?cookid=844,30
https://www.menupan.com/Cook/RecipeView.asp?cookid=417,30
https://www.menupan.com/Cook/RecipeView.asp?cookid=1609,60
https://www.menupan.com/Cook/RecipeView.asp?cookid=49,60
https://www.menupan.com/Cook/RecipeView.asp?cookid=622,60
https://www.menupan.com/Cook/RecipeView.asp?cookid=540,60
https://www.menupan.com/Cook/RecipeView.asp?cookid=294,60
https://www.menupan.com/Cook/RecipeView.asp?cookid=50,30
https://www.menupan.com/Cook/RecipeView.asp?cookid=156,90
https://www.menupan.com/Cook/RecipeView.asp?cookid=494,60
https://www.menupan.com/Cook/RecipeView.asp?cookid=651,60
https://www.menupan.com/Cook/RecipeView.asp?cookid=152,60
https://www.menupan.com/Cook/RecipeView.asp?cookid=516,60
https://www.menupan.com/Cook/RecipeView.asp?cookid=339,30
https://www.menupan.com/Cook/RecipeView.asp?cookid=835,20
https://www.menupan.com/Cook/RecipeView.asp?cookid=604,60
https://www.menupan.com/Cook/RecipeView.asp?cookid=170,30
https://www.menupan.com/Cook/RecipeView.asp?cookid=578,30
https://www.menupan.com/Cook/RecipeView.asp?cookid=296,60
https://www.menupan.com/Cook/RecipeView.asp?cookid=656,60
https://www.menupan.com/Cook/RecipeView.asp?cookid=1607,60
https://www.menupan.com/Cook/RecipeView.asp?cookid=176,30
https://www.menupan.com/Cook/RecipeView.asp?cookid=388,35
https://www.menupan.com/Cook/RecipeView.asp?cookid=177,30
https://www.menupan.com/Cook/RecipeView.asp?cookid=217,60
https://www.menupan.com/Cook/RecipeView.asp?cookid=175,20
https://www.menupan.com/Cook/RecipeView.asp?cookid=1846,30
https://www.menupan.com/Cook/RecipeView.asp?cookid=168,60
https://www.menupan.com/Cook/RecipeView.asp?cookid=99,60
https://www.menupan.com/Cook/RecipeView.asp?cookid=1553,60
https://www.menupan.com/Cook/RecipeView.asp?cookid=912,30
https://www.menupan.com/Cook/RecipeView.asp?cookid=58,30
https://www.menupan.com/Cook/RecipeView.asp?cookid=192,35
https://www.menupan.com/Cook/RecipeView.asp?cookid=194,30
https://www.menupan.com/Cook/RecipeView.asp?cookid=278,60
https://www.menupan.com/Cook/RecipeView.asp?cookid=411,30
https://www.menupan.com/Cook/RecipeView.asp?cookid=847,30
https://www.menupan.com/Cook/RecipeView.asp?cookid=1595,30
https://www.menupan.com/Cook/RecipeView.asp?cookid=395,20
https://www.menupan.com/Cook/RecipeView.asp?cookid=215,30
https://www.menupan.com/Cook/RecipeView.asp?cookid=1589,60
https://www.menupan.com/Cook/RecipeView.asp?cookid=650,30
https://www.menupan.com/Cook/RecipeView.asp?cookid=532,30
https://www.menupan.com/Cook/RecipeView.asp?cookid=1539,30
https://www.menupan.com/Cook/RecipeView.asp?cookid=615,60
https://www.menupan.com/Cook/RecipeView.asp?cookid=485,60
https://www.menupan.com/Cook/RecipeView.asp?cookid=204,60
https://www.menupan.com/Cook/RecipeView.asp?cookid=1438,20
https://www.menupan.com/Cook/RecipeView.asp?cookid=110,30
https://www.menupan.com/Cook/RecipeView.asp?cookid=1684,30
https://www.menupan.com/Cook/RecipeView.asp?cookid=174,76
https://www.menupan.com/Cook/RecipeView.asp?cookid=186,60
https://www.menupan.com/Cook/RecipeView.asp?cookid=428,60
https://www.menupan.com/Cook/RecipeView.asp?cookid=467,60
https://www.menupan.com/Cook/RecipeView.asp?cookid=77,30
https://www.menupan.com/Cook/RecipeView.asp?cookid=1672,30
https://www.menupan.com/Cook/RecipeView.asp?cookid=102,60
https://www.menupan.com/Cook/RecipeView.asp?cookid=1440,60
https://www.menupan.com/Cook/RecipeView.asp?cookid=105,80
https://www.menupan.com/Cook/RecipeView.asp?cookid=214,30
https://www.menupan.com/Cook/RecipeView.asp?cookid=698,60
https://www.menupan.com/Cook/RecipeView.asp?cookid=1851,60
https://www.menupan.com/Cook/RecipeView.asp?cookid=232,60
https://www.menupan.com/Cook/RecipeView.asp?cookid=206,20
https://www.menupan.com/Cook/RecipeView.asp?cookid=106,60
https://www.menupan.com/Cook/RecipeView.asp?cookid=611,60
https://www.menupan.com/Cook/RecipeView.asp?cookid=1331,60
https://www.menupan.com/Cook/RecipeView.asp?cookid=718,30
https://www.menupan.com/Cook/RecipeView.asp?cookid=229,60
https://www.menupan.com/Cook/RecipeView.asp?cookid=596,60
https://www.menupan.com/Cook/RecipeView.asp?cookid=464,60
https://www.menupan.com/Cook/RecipeView.asp?cookid=1540,60
https://www.menupan.com/Cook/RecipeView.asp?cookid=324,60
https://www.menupan.com/Cook/RecipeView.asp?cookid=90,60
https://www.menupan.com/Cook/RecipeView.asp?cookid=433,60
https://www.menupan.com/Cook/RecipeView.asp?cookid=947,30
https://www.menupan.com/Cook/RecipeView.asp?cookid=360,60
https://www.menupan.com/Cook/RecipeView.asp?cookid=1330,60
https://www.menupan.com/Cook/RecipeView.asp?cookid=300,20
https://www.menupan.com/Cook/RecipeView.asp?cookid=1676,30
https://www.menupan.com/Cook/RecipeView.asp?cookid=107,60
https://www.menupan.com/Cook/RecipeView.asp?cookid=1596,1
https://www.menupan.com/Cook/RecipeView.asp?cookid=558,60
https://www.menupan.com/Cook/RecipeView.asp?cookid=1484,30
https://www.menupan.com/Cook/RecipeView.asp?cookid=911,60
https://www.menupan.com/Cook/RecipeView.asp?cookid=1068,60
https://www.menupan.com/Cook/RecipeView.asp?cookid=1443,60
https://www.menupan.com/Cook/RecipeView.asp?cookid=1701,30
https://www.menupan.com/Cook/RecipeView.asp?cookid=307,60
https://www.menupan.com/Cook/RecipeView.asp?cookid=83,30
https://www.menupan.com/Cook/RecipeView.asp?cookid=1533,30
https://www.menupan.com/Cook/RecipeView.asp?cookid=220,60
https://www.menupan.com/Cook/RecipeView.asp?cookid=312,30
https://www.menupan.com/Cook/RecipeView.asp?cookid=900,60
https://www.menupan.com/Cook/RecipeView.asp?cookid=1177,30
https://www.menupan.com/Cook/RecipeView.asp?cookid=676,20
https://www.menupan.com/Cook/RecipeView.asp?cookid=602,60
https://www.menupan.com/Cook/RecipeView.asp?cookid=951,20
https://www.menupan.com/Cook/RecipeView.asp?cookid=904,60
https://www.menupan.com/Cook/RecipeView.asp?cookid=88,30
https://www.menupan.com/Cook/RecipeView.asp?cookid=697,30
https://www.menupan.com/Cook/RecipeView.asp?cookid=1119,60
https://www.menupan.com/Cook/RecipeView.asp?cookid=134,30
https://www.menupan.com/Cook/RecipeView.asp?cookid=488,30
https://www.menupan.com/Cook/RecipeView.asp?cookid=132,60
https://www.menupan.com/Cook/RecipeView.asp?cookid=98,60
https://www.menupan.com/Cook/RecipeView.asp?cookid=1604,20
https://www.menupan.com/Cook/RecipeView.asp?cookid=130,35
https://www.menupan.com/Cook/RecipeView.asp?cookid=679,30
https://www.menupan.com/Cook/RecipeView.asp?cookid=756,30
https://www.menupan.com/Cook/RecipeView.asp?cookid=133,60
https://www.menupan.com/Cook/RecipeView.asp?cookid=617,85
https://www.menupan.com/Cook/RecipeView.asp?cookid=1880,70
https://www.menupan.com/Cook/RecipeView.asp?cookid=81,60
https://www.menupan.com/Cook/RecipeView.asp?cookid=1208,60
https://www.menupan.com/Cook/RecipeView.asp?cookid=619,60
https://www.menupan.com/Cook/RecipeView.asp?cookid=164,60
https://www.menupan.com/Cook/RecipeView.asp?cookid=162,20
https://www.menupan.com/Cook/RecipeView.asp?cookid=171,30
https://www.menupan.com/Cook/RecipeView.asp?cookid=1325,60
https://www.menupan.com/Cook/RecipeView.asp?cookid=128,60
https://www.menupan.com/Cook/RecipeView.asp?cookid=129,60
https://www.menupan.com/Cook/RecipeView.asp?cookid=166,20
https://www.menupan.com/Cook/RecipeView.asp?cookid=1326,60
https://www.menupan.com/Cook/RecipeView.asp?cookid=1577,30
https://www.menupan.com/Cook/RecipeView.asp?cookid=1555,30
https://www.menupan.com/Cook/RecipeView.asp?cookid=131,60
https://www.menupan.com/Cook/RecipeView.asp?cookid=127,90
https://www.menupan.com/Cook/RecipeView.asp?cookid=163,30
https://www.menupan.com/Cook/RecipeView.asp?cookid=616,60
https://www.menupan.com/Cook/RecipeView.asp?cookid=1582,30
https://www.menupan.com/Cook/RecipeView.asp?cookid=1363,60
https://www.menupan.com/Cook/RecipeView.asp?cookid=1574,30
https://www.menupan.com/Cook/RecipeView.asp?cookid=614,30
https://www.menupan.com/Cook/RecipeView.asp?cookid=666,30
https://www.menupan.com/Cook/RecipeView.asp?cookid=1176,30
https://www.menupan.com/Cook/RecipeView.asp?cookid=967,30
https://www.menupan.com/Cook/RecipeView.asp?cookid=600,60
https://www.menupan.com/Cook/RecipeView.asp?cookid=1618,60
https://www.menupan.com/Cook/RecipeView.asp?cookid=365,60
https://www.menupan.com/Cook/RecipeView.asp?cookid=1645,60
https://www.menupan.com/Cook/RecipeView.asp?cookid=949,30
https://www.menupan.com/Cook/RecipeView.asp?cookid=1519,60
https://www.menupan.com/Cook/RecipeView.asp?cookid=1118,60
https://www.menupan.com/Cook/RecipeView.asp?cookid=1775,60
https://www.menupan.com/Cook/RecipeView.asp?cookid=1487,30
https://www.menupan.com/Cook/RecipeView.asp?cookid=341,60
https://www.menupan.com/Cook/RecipeView.asp?cookid=334,60
https://www.menupan.com/Cook/RecipeView.asp?cookid=405,30
https://www.menupan.com/Cook/RecipeView.asp?cookid=664,60
https://www.menupan.com/Cook/RecipeView.asp?cookid=1467,60
https://www.menupan.com/Cook/RecipeView.asp?cookid=1121,60
https://www.menupan.com/Cook/RecipeView.asp?cookid=363,120
https://www.menupan.com/Cook/RecipeView.asp?cookid=254,120
https://www.menupan.com/Cook/RecipeView.asp?cookid=1520,20
https://www.menupan.com/Cook/RecipeView.asp?cookid=543,60
https://www.menupan.com/Cook/RecipeView.asp?cookid=639,20
https://www.menupan.com/Cook/RecipeView.asp?cookid=21,60
https://www.menupan.com/Cook/RecipeView.asp?cookid=22,60
https://www.menupan.com/Cook/RecipeView.asp?cookid=1445,30
https://www.menupan.com/Cook/RecipeView.asp?cookid=23,60
https://www.menupan.com/Cook/RecipeView.asp?cookid=24,30
https://www.menupan.com/Cook/RecipeView.asp?cookid=1635,30
https://www.menupan.com/Cook/RecipeView.asp?cookid=732,30
https://www.menupan.com/Cook/RecipeView.asp?cookid=35,60
https://www.menupan.com/Cook/RecipeView.asp?cookid=1636,60
https://www.menupan.com/Cook/RecipeView.asp?cookid=561,60
https://www.menupan.com/Cook/RecipeView.asp?cookid=1055,60
https://www.menupan.com/Cook/RecipeView.asp?cookid=1663,60
https://www.menupan.com/Cook/RecipeView.asp?cookid=670,30
https://www.menupan.com/Cook/RecipeView.asp?cookid=28,25
https://www.menupan.com/Cook/RecipeView.asp?cookid=1579,30
https://www.menupan.com/Cook/RecipeView.asp?cookid=1611,25
https://www.menupan.com/Cook/RecipeView.asp?cookid=346,25
https://www.menupan.com/Cook/RecipeView.asp?cookid=1625,60
https://www.menupan.com/Cook/RecipeView.asp?cookid=95,30
https://www.menupan.com/Cook/RecipeView.asp?cookid=637,30
https://www.menupan.com/Cook/RecipeView.asp?cookid=961,30
https://www.menupan.com/Cook/RecipeView.asp?cookid=1485,20
https://www.menupan.com/Cook/RecipeView.asp?cookid=86,60
https://www.menupan.com/Cook/RecipeView.asp?cookid=882,60
https://www.menupan.com/Cook/RecipeView.asp?cookid=412,60
https://www.menupan.com/Cook/RecipeView.asp?cookid=31,60
https://www.menupan.com/Cook/RecipeView.asp?cookid=137,60
https://www.menupan.com/Cook/RecipeView.asp?cookid=886,60
https://www.menupan.com/Cook/RecipeView.asp?cookid=1847,120
https://www.menupan.com/Cook/RecipeView.asp?cookid=643,30
https://www.menupan.com/Cook/RecipeView.asp?cookid=146,60
https://www.menupan.com/Cook/RecipeView.asp?cookid=735,20
https://www.menupan.com/Cook/RecipeView.asp?cookid=1637,60
https://www.menupan.com/Cook/RecipeView.asp?cookid=999,30
https://www.menupan.com/Cook/RecipeView.asp?cookid=147,60
https://www.menupan.com/Cook/RecipeView.asp?cookid=184,30
https://www.menupan.com/Cook/RecipeView.asp?cookid=431,60
https://www.menupan.com/Cook/RecipeView.asp?cookid=439,30
https://www.menupan.com/Cook/RecipeView.asp?cookid=612,60
https://www.menupan.com/Cook/RecipeView.asp?cookid=1581,30
https://www.menupan.com/Cook/RecipeView.asp?cookid=1615,30
https://www.menupan.com/Cook/RecipeView.asp?cookid=139,30
https://www.menupan.com/Cook/RecipeView.asp?cookid=499,30
https://www.menupan.com/Cook/RecipeView.asp?cookid=631,60
https://www.menupan.com/Cook/RecipeView.asp?cookid=145,30
https://www.menupan.com/Cook/RecipeView.asp?cookid=343,60
https://www.menupan.com/Cook/RecipeView.asp?cookid=1039,60
https://www.menupan.com/Cook/RecipeView.asp?cookid=144,120
https://www.menupan.com/Cook/RecipeView.asp?cookid=141,30
https://www.menupan.com/Cook/RecipeView.asp?cookid=581,60
https://www.menupan.com/Cook/RecipeView.asp?cookid=143,30
https://www.menupan.com/Cook/RecipeView.asp?cookid=117,60
https://www.menupan.com/Cook/RecipeView.asp?cookid=1879,30
https://www.menupan.com/Cook/RecipeView.asp?cookid=391,30
https://www.menupan.com/Cook/RecipeView.asp?cookid=116,30
https://www.menupan.com/Cook/RecipeView.asp?cookid=432,30
https://www.menupan.com/Cook/RecipeView.asp?cookid=1602,60
https://www.menupan.com/Cook/RecipeView.asp?cookid=1608,30
https://www.menupan.com/Cook/RecipeView.asp?cookid=509,30
https://www.menupan.com/Cook/RecipeView.asp?cookid=1580,30
https://www.menupan.com/Cook/RecipeView.asp?cookid=109,30
https://www.menupan.com/Cook/RecipeView.asp?cookid=209,25
https://www.menupan.com/Cook/RecipeView.asp?cookid=203,30
https://www.menupan.com/Cook/RecipeView.asp?cookid=181,60
https://www.menupan.com/Cook/RecipeView.asp?cookid=329,30
https://www.menupan.com/Cook/RecipeView.asp?cookid=640,30
https://www.menupan.com/Cook/RecipeView.asp?cookid=207,30
https://www.menupan.com/Cook/RecipeView.asp?cookid=337,30
https://www.menupan.com/Cook/RecipeView.asp?cookid=522,30
https://www.menupan.com/Cook/RecipeView.asp?cookid=410,30
https://www.menupan.com/Cook/RecipeView.asp?cookid=1166,30
https://www.menupan.com/Cook/RecipeView.asp?cookid=850,30
https://www.menupan.com/Cook/RecipeView.asp?cookid=351,30
https://www.menupan.com/Cook/RecipeView.asp?cookid=1673,30
https://www.menupan.com/Cook/RecipeView.asp?cookid=716,30
https://www.menupan.com/Cook/RecipeView.asp?cookid=700,30
https://www.menupan.com/Cook/RecipeView.asp?cookid=179,60
https://www.menupan.com/Cook/RecipeView.asp?cookid=1435,30
https://www.menupan.com/Cook/RecipeView.asp?cookid=338,30
https://www.menupan.com/Cook/RecipeView.asp?cookid=1525,60
https://www.menupan.com/Cook/RecipeView.asp?cookid=738,60
https://www.menupan.com/Cook/RecipeView.asp?cookid=1598,30
https://www.menupan.com/Cook/RecipeView.asp?cookid=227,30
https://www.menupan.com/Cook/RecipeView.asp?cookid=763,25
https://www.menupan.com/Cook/RecipeView.asp?cookid=1640,30
https://www.menupan.com/Cook/RecipeView.asp?cookid=1536,30
https://www.menupan.com/Cook/RecipeView.asp?cookid=658,20
https://www.menupan.com/Cook/RecipeView.asp?cookid=446,30
https://www.menupan.com/Cook/RecipeView.asp?cookid=205,20
https://www.menupan.com/Cook/RecipeView.asp?cookid=59,60
https://www.menupan.com/Cook/RecipeView.asp?cookid=1594,30
https://www.menupan.com/Cook/RecipeView.asp?cookid=436,20
https://www.menupan.com/Cook/RecipeView.asp?cookid=1599,30
https://www.menupan.com/Cook/RecipeView.asp?cookid=680,30
https://www.menupan.com/Cook/RecipeView.asp?cookid=92,60
https://www.menupan.com/Cook/RecipeView.asp?cookid=1620,30
https://www.menupan.com/Cook/RecipeView.asp?cookid=1685,30
https://www.menupan.com/Cook/RecipeView.asp?cookid=1601,30
https://www.menupan.com/Cook/RecipeView.asp?cookid=199,20
https://www.menupan.com/Cook/RecipeView.asp?cookid=854,30
https://www.menupan.com/Cook/RecipeView.asp?cookid=1882,60
https://www.menupan.com/Cook/RecipeView.asp?cookid=1439,60
https://www.menupan.com/Cook/RecipeView.asp?cookid=862,60
https://www.menupan.com/Cook/RecipeView.asp?cookid=818,20
https://www.menupan.com/Cook/RecipeView.asp?cookid=605,60
https://www.menupan.com/Cook/RecipeView.asp?cookid=1359,30
https://www.menupan.com/Cook/RecipeView.asp?cookid=555,20
https://www.menupan.com/Cook/RecipeView.asp?cookid=503,60
https://www.menupan.com/Cook/RecipeView.asp?cookid=1173,30
https://www.menupan.com/Cook/RecipeView.asp?cookid=389,30
https://www.menupan.com/Cook/RecipeView.asp?cookid=591,60
https://www.menupan.com/Cook/RecipeView.asp?cookid=638,30
https://www.menupan.com/Cook/RecipeView.asp?cookid=1686,180
https://www.menupan.com/Cook/RecipeView.asp?cookid=1344,60
https://www.menupan.com/Cook/RecipeView.asp?cookid=1259,20
https://www.menupan.com/Cook/RecipeView.asp?cookid=1722,60
https://www.menupan.com/Cook/RecipeView.asp?cookid=1719,30
https://www.menupan.com/Cook/RecipeView.asp?cookid=364,60
https://www.menupan.com/Cook/RecipeView.asp?cookid=453,30
https://www.menupan.com/Cook/RecipeView.asp?cookid=1523,60
https://www.menupan.com/Cook/RecipeView.asp?cookid=1535,60
https://www.menupan.com/Cook/RecipeView.asp?cookid=812,30
https://www.menupan.com/Cook/RecipeView.asp?cookid=1630,30
https://www.menupan.com/Cook/RecipeView.asp?cookid=418,30
https://www.menupan.com/Cook/RecipeView.asp?cookid=977,30
https://www.menupan.com/Cook/RecipeView.asp?cookid=541,30
https://www.menupan.com/Cook/RecipeView.asp?cookid=347,30
https://www.menupan.com/Cook/RecipeView.asp?cookid=1897,30
https://www.menupan.com/Cook/RecipeView.asp?cookid=378,20
https://www.menupan.com/Cook/RecipeView.asp?cookid=1258,20
https://www.menupan.com/Cook/RecipeView.asp?cookid=1473,60
https://www.menupan.com/Cook/RecipeView.asp?cookid=1562,30
https://www.menupan.com/Cook/RecipeView.asp?cookid=707,60
https://www.menupan.com/Cook/RecipeView.asp?cookid=550,60
https://www.menupan.com/Cook/RecipeView.asp?cookid=806,60
https://www.menupan.com/Cook/RecipeView.asp?cookid=1567,30
https://www.menupan.com/Cook/RecipeView.asp?cookid=101,60
https://www.menupan.com/Cook/RecipeView.asp?cookid=242,30
https://www.menupan.com/Cook/RecipeView.asp?cookid=358,60
https://www.menupan.com/Cook/RecipeView.asp?cookid=1031,60
https://www.menupan.com/Cook/RecipeView.asp?cookid=858,30
https://www.menupan.com/Cook/RecipeView.asp?cookid=734,20
https://www.menupan.com/Cook/RecipeView.asp?cookid=523,60
https://www.menupan.com/Cook/RecipeView.asp?cookid=767,30
https://www.menupan.com/Cook/RecipeView.asp?cookid=394,60
https://www.menupan.com/Cook/RecipeView.asp?cookid=1022,30
https://www.menupan.com/Cook/RecipeView.asp?cookid=736,60
https://www.menupan.com/Cook/RecipeView.asp?cookid=548,60
https://www.menupan.com/Cook/RecipeView.asp?cookid=1559,30
https://www.menupan.com/Cook/RecipeView.asp?cookid=301,60
https://www.menupan.com/Cook/RecipeView.asp?cookid=1495,60
https://www.menupan.com/Cook/RecipeView.asp?cookid=807,60
https://www.menupan.com/Cook/RecipeView.asp?cookid=587,30
https://www.menupan.com/Cook/RecipeView.asp?cookid=1139,30
https://www.menupan.com/Cook/RecipeView.asp?cookid=919,20
https://www.menupan.com/Cook/RecipeView.asp?cookid=721,20
https://www.menupan.com/Cook/RecipeView.asp?cookid=308,30
https://www.menupan.com/Cook/RecipeView.asp?cookid=448,30
https://www.menupan.com/Cook/RecipeView.asp?cookid=979,30
https://www.menupan.com/Cook/RecipeView.asp?cookid=982,60
https://www.menupan.com/Cook/RecipeView.asp?cookid=456,60
https://www.menupan.com/Cook/RecipeView.asp?cookid=236,20
https://www.menupan.com/Cook/RecipeView.asp?cookid=240,30
https://www.menupan.com/Cook/RecipeView.asp?cookid=1427,20
https://www.menupan.com/Cook/RecipeView.asp?cookid=883,60
https://www.menupan.com/Cook/RecipeView.asp?cookid=452,30
https://www.menupan.com/Cook/RecipeView.asp?cookid=122,30
https://www.menupan.com/Cook/RecipeView.asp?cookid=539,60
https://www.menupan.com/Cook/RecipeView.asp?cookid=224,30
https://www.menupan.com/Cook/RecipeView.asp?cookid=608,60
https://www.menupan.com/Cook/RecipeView.asp?cookid=298,30
https://www.menupan.com/Cook/RecipeView.asp?cookid=1666,60
https://www.menupan.com/Cook/RecipeView.asp?cookid=1464,30
https://www.menupan.com/Cook/RecipeView.asp?cookid=1707,60
https://www.menupan.com/Cook/RecipeView.asp?cookid=486,60
https://www.menupan.com/Cook/RecipeView.asp?cookid=487,60
https://www.menupan.com/Cook/RecipeView.asp?cookid=1456,90
https://www.menupan.com/Cook/RecipeView.asp?cookid=568,60
https://www.menupan.com/Cook/RecipeView.asp?cookid=943,60
https://www.menupan.com/Cook/RecipeView.asp?cookid=923,30
https://www.menupan.com/Cook/RecipeView.asp?cookid=1457,30
https://www.menupan.com/Cook/RecipeView.asp?cookid=645,30
https://www.menupan.com/Cook/RecipeView.asp?cookid=1860,90
https://www.menupan.com/Cook/RecipeView.asp?cookid=1653,60
https://www.menupan.com/Cook/RecipeView.asp?cookid=463,30
https://www.menupan.com/Cook/RecipeView.asp?cookid=1859,90
https://www.menupan.com/Cook/RecipeView.asp?cookid=1401,60
https://www.menupan.com/Cook/RecipeView.asp?cookid=1627,90
https://www.menupan.com/Cook/RecipeView.asp?cookid=1622,60
https://www.menupan.com/Cook/RecipeView.asp?cookid=311,30
https://www.menupan.com/Cook/RecipeView.asp?cookid=1709,30
https://www.menupan.com/Cook/RecipeView.asp?cookid=507,30
https://www.menupan.com/Cook/RecipeView.asp?cookid=1646,60
https://www.menupan.com/Cook/RecipeView.asp?cookid=1451,60
https://www.menupan.com/Cook/RecipeView.asp?cookid=1647,60
https://www.menupan.com/Cook/RecipeView.asp?cookid=326,180
https://www.menupan.com/Cook/RecipeView.asp?cookid=985,60
https://www.menupan.com/Cook/RecipeView.asp?cookid=1058,60
https://www.menupan.com/Cook/RecipeView.asp?cookid=1705,30
https://www.menupan.com/Cook/RecipeView.asp?cookid=627,20
https://www.menupan.com/Cook/RecipeView.asp?cookid=1336,60
https://www.menupan.com/Cook/RecipeView.asp?cookid=663,30
https://www.menupan.com/Cook/RecipeView.asp?cookid=327,180
https://www.menupan.com/Cook/RecipeView.asp?cookid=1468,30
https://www.menupan.com/Cook/RecipeView.asp?cookid=1357,60
https://www.menupan.com/Cook/RecipeView.asp?cookid=498,60
https://www.menupan.com/Cook/RecipeView.asp?cookid=460,60
https://www.menupan.com/Cook/RecipeView.asp?cookid=621,30
https://www.menupan.com/Cook/RecipeView.asp?cookid=373,60
https://www.menupan.com/Cook/RecipeView.asp?cookid=974,60
https://www.menupan.com/Cook/RecipeView.asp?cookid=710,30
https://www.menupan.com/Cook/RecipeView.asp?cookid=258,100
https://www.menupan.com/Cook/RecipeView.asp?cookid=1652,60
https://www.menupan.com/Cook/RecipeView.asp?cookid=481,60
https://www.menupan.com/Cook/RecipeView.asp?cookid=661,30
https://www.menupan.com/Cook/RecipeView.asp?cookid=427,30
https://www.menupan.com/Cook/RecipeView.asp?cookid=1699,60
https://www.menupan.com/Cook/RecipeView.asp?cookid=1643,60
https://www.menupan.com/Cook/RecipeView.asp?cookid=1712,30
https://www.menupan.com/Cook/RecipeView.asp?cookid=1175,30
https://www.menupan.com/Cook/RecipeView.asp?cookid=544,30
https://www.menupan.com/Cook/RecipeView.asp?cookid=890,60
https://www.menupan.com/Cook/RecipeView.asp?cookid=878,120
https://www.menupan.com/Cook/RecipeView.asp?cookid=1051,60
https://www.menupan.com/Cook/RecipeView.asp?cookid=1465,60
https://www.menupan.com/Cook/RecipeView.asp?cookid=1818,60
https://www.menupan.com/Cook/RecipeView.asp?cookid=1463,30
https://www.menupan.com/Cook/RecipeView.asp?cookid=665,60
https://www.menupan.com/Cook/RecipeView.asp?cookid=861,60
https://www.menupan.com/Cook/RecipeView.asp?cookid=831,60
https://www.menupan.com/Cook/RecipeView.asp?cookid=652,60
https://www.menupan.com/Cook/RecipeView.asp?cookid=1691,90
https://www.menupan.com/Cook/RecipeView.asp?cookid=1056,60
https://www.menupan.com/Cook/RecipeView.asp?cookid=521,60
https://www.menupan.com/Cook/RecipeView.asp?cookid=235,150
https://www.menupan.com/Cook/RecipeView.asp?cookid=1426,30
https://www.menupan.com/Cook/RecipeView.asp?cookid=963,60
https://www.menupan.com/Cook/RecipeView.asp?cookid=325,120
https://www.menupan.com/Cook/RecipeView.asp?cookid=1169,30
https://www.menupan.com/Cook/RecipeView.asp?cookid=1659,60
https://www.menupan.com/Cook/RecipeView.asp?cookid=1358,60
https://www.menupan.com/Cook/RecipeView.asp?cookid=598,60
https://www.menupan.com/Cook/RecipeView.asp?cookid=328,140
https://www.menupan.com/Cook/RecipeView.asp?cookid=899,30
https://www.menupan.com/Cook/RecipeView.asp?cookid=401,30
https://www.menupan.com/Cook/RecipeView.asp?cookid=1469,30
https://www.menupan.com/Cook/RecipeView.asp?cookid=688,30
https://www.menupan.com/Cook/RecipeView.asp?cookid=553,60
https://www.menupan.com/Cook/RecipeView.asp?cookid=293,60
https://www.menupan.com/Cook/RecipeView.asp?cookid=368,30
https://www.menupan.com/Cook/RecipeView.asp?cookid=506,60
https://www.menupan.com/Cook/RecipeView.asp?cookid=629,20
https://www.menupan.com/Cook/RecipeView.asp?cookid=1217,60
https://www.menupan.com/Cook/RecipeView.asp?cookid=1080,60
https://www.menupan.com/Cook/RecipeView.asp?cookid=980,60
https://www.menupan.com/Cook/RecipeView.asp?cookid=873,60
https://www.menupan.com/Cook/RecipeView.asp?cookid=239,35
https://www.menupan.com/Cook/RecipeView.asp?cookid=534,60
https://www.menupan.com/Cook/RecipeView.asp?cookid=1517,60
https://www.menupan.com/Cook/RecipeView.asp?cookid=1395,60
https://www.menupan.com/Cook/RecipeView.asp?cookid=971,30
https://www.menupan.com/Cook/RecipeView.asp?cookid=1400,60
https://www.menupan.com/Cook/RecipeView.asp?cookid=1706,30
https://www.menupan.com/Cook/RecipeView.asp?cookid=530,60
https://www.menupan.com/Cook/RecipeView.asp?cookid=1470,120
https://www.menupan.com/Cook/RecipeView.asp?cookid=630,60
https://www.menupan.com/Cook/RecipeView.asp?cookid=493,60
https://www.menupan.com/Cook/RecipeView.asp?cookid=1619,10
https://www.menupan.com/Cook/RecipeView.asp?cookid=1138,30
https://www.menupan.com/Cook/RecipeView.asp?cookid=859,30
https://www.menupan.com/Cook/RecipeView.asp?cookid=1349,60
https://www.menupan.com/Cook/RecipeView.asp?cookid=1886,20
https://www.menupan.com/Cook/RecipeView.asp?cookid=1137,30
https://www.menupan.com/Cook/RecipeView.asp?cookid=1887,20
https://www.menupan.com/Cook/RecipeView.asp?cookid=251,60
https://www.menupan.com/Cook/RecipeView.asp?cookid=1030,60
https://www.menupan.com/Cook/RecipeView.asp?cookid=85,25
https://www.menupan.com/Cook/RecipeView.asp?cookid=1476,30
https://www.menupan.com/Cook/RecipeView.asp?cookid=396,30
https://www.menupan.com/Cook/RecipeView.asp?cookid=1721,30
https://www.menupan.com/Cook/RecipeView.asp?cookid=1654,60
https://www.menupan.com/Cook/RecipeView.asp?cookid=283,30
https://www.menupan.com/Cook/RecipeView.asp?cookid=281,30
https://www.menupan.com/Cook/RecipeView.asp?cookid=1634,30
https://www.menupan.com/Cook/RecipeView.asp?cookid=667,30
https://www.menupan.com/Cook/RecipeView.asp?cookid=284,15
https://www.menupan.com/Cook/RecipeView.asp?cookid=285,60
https://www.menupan.com/Cook/RecipeView.asp?cookid=397,90
https://www.menupan.com/Cook/RecipeView.asp?cookid=504,30
https://www.menupan.com/Cook/RecipeView.asp?cookid=126,60
https://www.menupan.com/Cook/RecipeView.asp?cookid=366,60
https://www.menupan.com/Cook/RecipeView.asp?cookid=970,30
https://www.menupan.com/Cook/RecipeView.asp?cookid=533,30
https://www.menupan.com/Cook/RecipeView.asp?cookid=260,30
https://www.menupan.com/Cook/RecipeView.asp?cookid=606,60
https://www.menupan.com/Cook/RecipeView.asp?cookid=712,30
https://www.menupan.com/Cook/RecipeView.asp?cookid=1641,30
https://www.menupan.com/Cook/RecipeView.asp?cookid=82,60
https://www.menupan.com/Cook/RecipeView.asp?cookid=724,30
https://www.menupan.com/Cook/RecipeView.asp?cookid=1787,60
https://www.menupan.com/Cook/RecipeView.asp?cookid=957,30
https://www.menupan.com/Cook/RecipeView.asp?cookid=212,60
https://www.menupan.com/Cook/RecipeView.asp?cookid=1148,30
https://www.menupan.com/Cook/RecipeView.asp?cookid=928,30
https://www.menupan.com/Cook/RecipeView.asp?cookid=1147,30
https://www.menupan.com/Cook/RecipeView.asp?cookid=925,30
https://www.menupan.com/Cook/RecipeView.asp?cookid=444,60
https://www.menupan.com/Cook/RecipeView.asp?cookid=926,30
https://www.menupan.com/Cook/RecipeView.asp?cookid=1149,30
https://www.menupan.com/Cook/RecipeView.asp?cookid=927,60
https://www.menupan.com/Cook/RecipeView.asp?cookid=853,30
https://www.menupan.com/Cook/RecipeView.asp?cookid=370,60
https://www.menupan.com/Cook/RecipeView.asp?cookid=7,30
https://www.menupan.com/Cook/RecipeView.asp?cookid=1496,30
https://www.menupan.com/Cook/RecipeView.asp?cookid=104,60
https://www.menupan.com/Cook/RecipeView.asp?cookid=1370,30
https://www.menupan.com/Cook/RecipeView.asp?cookid=719,30
https://www.menupan.com/Cook/RecipeView.asp?cookid=580,60
https://www.menupan.com/Cook/RecipeView.asp?cookid=265,30
https://www.menupan.com/Cook/RecipeView.asp?cookid=25,30
https://www.menupan.com/Cook/RecipeView.asp?cookid=864,30
https://www.menupan.com/Cook/RecipeView.asp?cookid=711,60
https://www.menupan.com/Cook/RecipeView.asp?cookid=263,60
https://www.menupan.com/Cook/RecipeView.asp?cookid=148,30
https://www.menupan.com/Cook/RecipeView.asp?cookid=1616,30
https://www.menupan.com/Cook/RecipeView.asp?cookid=1588,30
https://www.menupan.com/Cook/RecipeView.asp?cookid=755,30
https://www.menupan.com/Cook/RecipeView.asp?cookid=367,60
https://www.menupan.com/Cook/RecipeView.asp?cookid=1791,30
https://www.menupan.com/Cook/RecipeView.asp?cookid=4,30
https://www.menupan.com/Cook/RecipeView.asp?cookid=5,30
https://www.menupan.com/Cook/RecipeView.asp?cookid=261,30
https://www.menupan.com/Cook/RecipeView.asp?cookid=551,60
https://www.menupan.com/Cook/RecipeView.asp?cookid=9,30
https://www.menupan.com/Cook/RecipeView.asp?cookid=588,60
https://www.menupan.com/Cook/RecipeView.asp?cookid=601,60
https://www.menupan.com/Cook/RecipeView.asp?cookid=238,60
https://www.menupan.com/Cook/RecipeView.asp?cookid=400,60
https://www.menupan.com/Cook/RecipeView.asp?cookid=962,60
https://www.menupan.com/Cook/RecipeView.asp?cookid=741,60
https://www.menupan.com/Cook/RecipeView.asp?cookid=1621,60
https://www.menupan.com/Cook/RecipeView.asp?cookid=642,60
https://www.menupan.com/Cook/RecipeView.asp?cookid=1037,30
https://www.menupan.com/Cook/RecipeView.asp?cookid=1029,60
https://www.menupan.com/Cook/RecipeView.asp?cookid=201,30
https://www.menupan.com/Cook/RecipeView.asp?cookid=842,60
https://www.menupan.com/Cook/RecipeView.asp?cookid=357,30
https://www.menupan.com/Cook/RecipeView.asp?cookid=860,30
https://www.menupan.com/Cook/RecipeView.asp?cookid=714,60
https://www.menupan.com/Cook/RecipeView.asp?cookid=797,60
https://www.menupan.com/Cook/RecipeView.asp?cookid=1782,30
https://www.menupan.com/Cook/RecipeView.asp?cookid=34,60
https://www.menupan.com/Cook/RecipeView.asp?cookid=1614,60
https://www.menupan.com/Cook/RecipeView.asp?cookid=1038,30
https://www.menupan.com/Cook/RecipeView.asp?cookid=89,30
https://www.menupan.com/Cook/RecipeView.asp?cookid=62,30
https://www.menupan.com/Cook/RecipeView.asp?cookid=61,20
https://www.menupan.com/Cook/RecipeView.asp?cookid=577,60
https://www.menupan.com/Cook/RecipeView.asp?cookid=771,30
https://www.menupan.com/Cook/RecipeView.asp?cookid=1546,60
https://www.menupan.com/Cook/RecipeView.asp?cookid=87,60
https://www.menupan.com/Cook/RecipeView.asp?cookid=423,30
https://www.menupan.com/Cook/RecipeView.asp?cookid=1351,30
https://www.menupan.com/Cook/RecipeView.asp?cookid=733,30
https://www.menupan.com/Cook/RecipeView.asp?cookid=891,30
https://www.menupan.com/Cook/RecipeView.asp?cookid=1603,30
https://www.menupan.com/Cook/RecipeView.asp?cookid=1726,60
https://www.menupan.com/Cook/RecipeView.asp?cookid=1889,30
https://www.menupan.com/Cook/RecipeView.asp?cookid=1895,20
https://www.menupan.com/Cook/RecipeView.asp?cookid=1733,60
https://www.menupan.com/Cook/RecipeView.asp?cookid=1361,30
https://www.menupan.com/Cook/RecipeView.asp?cookid=422,60
https://www.menupan.com/Cook/RecipeView.asp?cookid=1333,30
https://www.menupan.com/Cook/RecipeView.asp?cookid=1170,30
https://www.menupan.com/Cook/RecipeView.asp?cookid=1731,30
https://www.menupan.com/Cook/RecipeView.asp?cookid=1629,60
https://www.menupan.com/Cook/RecipeView.asp?cookid=53,30
https://www.menupan.com/Cook/RecipeView.asp?cookid=592,60
https://www.menupan.com/Cook/RecipeView.asp?cookid=1894,20
https://www.menupan.com/Cook/RecipeView.asp?cookid=1362,30
https://www.menupan.com/Cook/RecipeView.asp?cookid=354,20
https://www.menupan.com/Cook/RecipeView.asp?cookid=291,30
https://www.menupan.com/Cook/RecipeView.asp?cookid=1391,20
https://www.menupan.com/Cook/RecipeView.asp?cookid=915,30
https://www.menupan.com/Cook/RecipeView.asp?cookid=1189,60
https://www.menupan.com/Cook/RecipeView.asp?cookid=1730,30
https://www.menupan.com/Cook/RecipeView.asp?cookid=1892,15
https://www.menupan.com/Cook/RecipeView.asp?cookid=1168,30
https://www.menupan.com/Cook/RecipeView.asp?cookid=1893,20
https://www.menupan.com/Cook/RecipeView.asp?cookid=1497,60
https://www.menupan.com/Cook/RecipeView.asp?cookid=252,60
https://www.menupan.com/Cook/RecipeView.asp?cookid=1732,30
https://www.menupan.com/Cook/RecipeView.asp?cookid=237,60
https://www.menupan.com/Cook/RecipeView.asp?cookid=496,60
https://www.menupan.com/Cook/RecipeView.asp?cookid=279,60
https://www.menupan.com/Cook/RecipeView.asp?cookid=918,30
https://www.menupan.com/Cook/RecipeView.asp?cookid=1737,30
https://www.menupan.com/Cook/RecipeView.asp?cookid=421,30
https://www.menupan.com/Cook/RecipeView.asp?cookid=1738,30
https://www.menupan.com/Cook/RecipeView.asp?cookid=976,60
https://www.menupan.com/Cook/RecipeView.asp?cookid=1724,60
https://www.menupan.com/Cook/RecipeView.asp?cookid=1723,60
https://www.menupan.com/Cook/RecipeView.asp?cookid=1739,30
https://www.menupan.com/Cook/RecipeView.asp?cookid=1049,60
https://www.menupan.com/Cook/RecipeView.asp?cookid=582,60
https://www.menupan.com/Cook/RecipeView.asp?cookid=846,60
https://www.menupan.com/Cook/RecipeView.asp?cookid=921,30
https://www.menupan.com/Cook/RecipeView.asp?cookid=920,30
https://www.menupan.com/Cook/RecipeView.asp?cookid=955,60
https://www.menupan.com/Cook/RecipeView.asp?cookid=1655,30
https://www.menupan.com/Cook/RecipeView.asp?cookid=476,30
https://www.menupan.com/Cook/RecipeView.asp?cookid=1518,60
https://www.menupan.com/Cook/RecipeView.asp?cookid=424,60
https://www.menupan.com/Cook/RecipeView.asp?cookid=1593,30
https://www.menupan.com/Cook/RecipeView.asp?cookid=1631,60
https://www.menupan.com/Cook/RecipeView.asp?cookid=1541,30
https://www.menupan.com/Cook/RecipeView.asp?cookid=729,20
https://www.menupan.com/Cook/RecipeView.asp?cookid=687,30
https://www.menupan.com/Cook/RecipeView.asp?cookid=1494,30
https://www.menupan.com/Cook/RecipeView.asp?cookid=1493,30
https://www.menupan.com/Cook/RecipeView.asp?cookid=1585,30
https://www.menupan.com/Cook/RecipeView.asp?cookid=384,30
https://www.menupan.com/Cook/RecipeView.asp?cookid=607,60
https://www.menupan.com/Cook/RecipeView.asp?cookid=1529,60
https://www.menupan.com/Cook/RecipeView.asp?cookid=415,30
https://www.menupan.com/Cook/RecipeView.asp?cookid=570,60
https://www.menupan.com/Cook/RecipeView.asp?cookid=766,20
https://www.menupan.com/Cook/RecipeView.asp?cookid=529,60
https://www.menupan.com/Cook/RecipeView.asp?cookid=703,30
https://www.menupan.com/Cook/RecipeView.asp?cookid=725,30
https://www.menupan.com/Cook/RecipeView.asp?cookid=1657,60
https://www.menupan.com/Cook/RecipeView.asp?cookid=1648,60
https://www.menupan.com/Cook/RecipeView.asp?cookid=1554,60
https://www.menupan.com/Cook/RecipeView.asp?cookid=489,60
https://www.menupan.com/Cook/RecipeView.asp?cookid=445,60
https://www.menupan.com/Cook/RecipeView.asp?cookid=579,60
https://www.menupan.com/Cook/RecipeView.asp?cookid=726,30
https://www.menupan.com/Cook/RecipeView.asp?cookid=440,60
https://www.menupan.com/Cook/RecipeView.asp?cookid=1490,60
https://www.menupan.com/Cook/RecipeView.asp?cookid=613,30
https://www.menupan.com/Cook/RecipeView.asp?cookid=1605,60
https://www.menupan.com/Cook/RecipeView.asp?cookid=1442,30
https://www.menupan.com/Cook/RecipeView.asp?cookid=371,30
https://www.menupan.com/Cook/RecipeView.asp?cookid=1606,60
https://www.menupan.com/Cook/RecipeView.asp?cookid=514,60
https://www.menupan.com/Cook/RecipeView.asp?cookid=931,60
https://www.menupan.com/Cook/RecipeView.asp?cookid=792,30
https://www.menupan.com/Cook/RecipeView.asp?cookid=1174,30
https://www.menupan.com/Cook/RecipeView.asp?cookid=419,30
https://www.menupan.com/Cook/RecipeView.asp?cookid=202,30
https://www.menupan.com/Cook/RecipeView.asp?cookid=535,60
https://www.menupan.com/Cook/RecipeView.asp?cookid=1563,30
https://www.menupan.com/Cook/RecipeView.asp?cookid=1482,30
https://www.menupan.com/Cook/RecipeView.asp?cookid=1565,30
https://www.menupan.com/Cook/RecipeView.asp?cookid=924,60
https://www.menupan.com/Cook/RecipeView.asp?cookid=739,30
https://www.menupan.com/Cook/RecipeView.asp?cookid=1600,1
https://www.menupan.com/Cook/RecipeView.asp?cookid=1471,20
https://www.menupan.com/Cook/RecipeView.asp?cookid=589,60
https://www.menupan.com/Cook/RecipeView.asp?cookid=524,60
https://www.menupan.com/Cook/RecipeView.asp?cookid=450,30
https://www.menupan.com/Cook/RecipeView.asp?cookid=1613,30
https://www.menupan.com/Cook/RecipeView.asp?cookid=153,20
https://www.menupan.com/Cook/RecipeView.asp?cookid=1644,60
https://www.menupan.com/Cook/RecipeView.asp?cookid=662,60
https://www.menupan.com/Cook/RecipeView.asp?cookid=1817,60
https://www.menupan.com/Cook/RecipeView.asp?cookid=501,30
https://www.menupan.com/Cook/RecipeView.asp?cookid=1592,60
https://www.menupan.com/Cook/RecipeView.asp?cookid=648,20
https://www.menupan.com/Cook/RecipeView.asp?cookid=349,20
https://www.menupan.com/Cook/RecipeView.asp?cookid=1779,60
https://www.menupan.com/Cook/RecipeView.asp?cookid=815,25
https://www.menupan.com/Cook/RecipeView.asp?cookid=804,30
https://www.menupan.com/Cook/RecipeView.asp?cookid=355,30
https://www.menupan.com/Cook/RecipeView.asp?cookid=408,30
https://www.menupan.com/Cook/RecipeView.asp?cookid=36,30
https://www.menupan.com/Cook/RecipeView.asp?cookid=1783,60
https://www.menupan.com/Cook/RecipeView.asp?cookid=632,30
https://www.menupan.com/Cook/RecipeView.asp?cookid=1428,30
https://www.menupan.com/Cook/RecipeView.asp?cookid=1478,60
https://www.menupan.com/Cook/RecipeView.asp?cookid=303,30
https://www.menupan.com/Cook/RecipeView.asp?cookid=512,60
https://www.menupan.com/Cook/RecipeView.asp?cookid=511,60
https://www.menupan.com/Cook/RecipeView.asp?cookid=1510,30
https://www.menupan.com/Cook/RecipeView.asp?cookid=564,60
https://www.menupan.com/Cook/RecipeView.asp?cookid=636,30
https://www.menupan.com/Cook/RecipeView.asp?cookid=1532,30
https://www.menupan.com/Cook/RecipeView.asp?cookid=350,30
https://www.menupan.com/Cook/RecipeView.asp?cookid=449,30
https://www.menupan.com/Cook/RecipeView.asp?cookid=610,60
https://www.menupan.com/Cook/RecipeView.asp?cookid=641,30
https://www.menupan.com/Cook/RecipeView.asp?cookid=1584,30
https://www.menupan.com/Cook/RecipeView.asp?cookid=843,30
